Ls_num,Name,Portfolio,Rank,Year,appointment_begin,appointment_end,Constituency_No,State_name,Poll_No,gender,party,ID,start_source,end_source
17,Shri Kailash Choudhary,Agriculture and Farmers Welfare,MoS,2019,30-05-2019,Current,17,Rajasthan,0,M,BJP,17_Rajasthan_17_0_1,https://cabsec.gov.in/writereaddata/councilofministers/english/1_Upload_1859.pdf,https://cabsec.gov.in/writereaddata/councilofministers/english/1_Upload_3076.pdf
17,Shri Narendra Singh Tomar,Agriculture and Farmers Welfare,CM,2019,30-05-2019,Current,1,Madhya_Pradesh,0,M,BJP,17_Madhya_Pradesh_1_0_1,https://cabsec.gov.in/writereaddata/councilofministers/english/1_Upload_1859.pdf,https://cabsec.gov.in/writereaddata/councilofministers/english/1_Upload_3076.pdf
17,Shri Parshottam Rupala,Agriculture and Farmers Welfare,MoS,2019,30-05-2019,07-07-2021,,,,,,,https://cabsec.gov.in/writereaddata/councilofministers/english/1_Upload_1859.pdf,https://cabsec.gov.in/writereaddata/councilofministers/english/1_Upload_3076.pdf
17,Sushri Shobha Karandlaje,Agriculture and Farmers Welfare,MoS,2019,07-07-2021,Current,15,Karnataka,0,F,BJP,17_Karnataka_15_0_1,https://cabsec.gov.in/writereaddata/councilofministers/english/1_Upload_3076.pdf,https://cabsec.gov.in/writereaddata/councilofministers/english/1_Upload_3076.pdf
17,Shri Narendra Modi,All important policy issues,CM,2019,30-05-2019,Current,77,Uttar_Pradesh,0,M,BJP,17_Uttar_Pradesh_77_0_1,https://cabsec.gov.in/writereaddata/councilofministers/english/1_Upload_1859.pdf,https://cabsec.gov.in/writereaddata/councilofministers/english/1_Upload_3076.pdf
17,Shri Narendra Modi,All other portfolios not allocated to any Minister,CM,2019,30-05-2019,Current,77,Uttar_Pradesh,0,M,BJP,17_Uttar_Pradesh_77_0_1,https://cabsec.gov.in/writereaddata/councilofministers/english/1_Upload_1859.pdf,https://cabsec.gov.in/writereaddata/councilofministers/english/1_Upload_3076.pdf
17,Dr. Munjapara Mahendrabhai,AYUSH,MoS,2019,07-07-2021,Current,9,Gujarat,0,M,BJP,17_Gujarat_9_0_1,https://cabsec.gov.in/writereaddata/councilofministers/english/1_Upload_3076.pdf,https://cabsec.gov.in/writereaddata/councilofministers/english/1_Upload_3076.pdf
17,Shri Sarbananda Sonowal,AYUSH,CM,2019,07-07-2021,Current,,,,,,,https://cabsec.gov.in/writereaddata/councilofministers/english/1_Upload_3076.pdf,https://cabsec.gov.in/writereaddata/councilofministers/english/1_Upload_3076.pdf
17,Shri Shripad Yesso Naik,AYUSH,MoS(IC),2019,30-05-2019,07-07-2021,1,Goa,0,M,BJP,17_Goa_1_0_1,https://cabsec.gov.in/writereaddata/councilofministers/english/1_Upload_1859.pdf,https://cabsec.gov.in/writereaddata/councilofministers/english/1_Upload_3076.pdf
17,Shri Bhagwanth Khuba,Chemicals and Fertilizers,MoS,2019,07-07-2021,Current,7,Karnataka,0,M,BJP,17_Karnataka_7_0_1,https://cabsec.gov.in/writereaddata/councilofministers/english/1_Upload_3076.pdf,https://cabsec.gov.in/writereaddata/councilofministers/english/1_Upload_3076.pdf
17,Shri D.V. Sadananda Gowda,Chemicals and Fertilizers,CM,2019,30-05-2019,07-07-2021,24,Karnataka,0,M,BJP,17_Karnataka_24_0_1,https://cabsec.gov.in/writereaddata/councilofministers/english/1_Upload_1859.pdf,https://cabsec.gov.in/writereaddata/councilofministers/english/1_Upload_3076.pdf
17,Shri Mansukh Mandaviya,Chemicals and Fertilizers,MoS(IC),2019,30-05-2019,07-07-2021,,,,,,,https://cabsec.gov.in/writereaddata/councilofministers/english/1_Upload_1859.pdf,https://cabsec.gov.in/writereaddata/councilofministers/english/1_Upload_3076.pdf
17,Shri Mansukh Mandaviya,Chemicals and Fertilizers,CM,2019,07-07-2021,Current,,,,,,,https://cabsec.gov.in/writereaddata/councilofministers/english/1_Upload_3076.pdf,https://cabsec.gov.in/writereaddata/councilofministers/english/1_Upload_3076.pdf
17,General (Retd.) V. K. Singh,Civil Aviation,MoS,2019,07-07-2021,Current,,,,,,,https://cabsec.gov.in/writereaddata/councilofministers/english/1_Upload_3076.pdf,https://cabsec.gov.in/writereaddata/councilofministers/english/1_Upload_3076.pdf
17,Shri Hardeep Singh Puri,Civil Aviation,MoS(IC),2019,30-05-2019,07-07-2021,,,,,,,https://cabsec.gov.in/writereaddata/councilofministers/english/1_Upload_1859.pdf,https://cabsec.gov.in/writereaddata/councilofministers/english/1_Upload_3076.pdf
17,Shri Jyotiraditya M. Scindia,Civil Aviation,CM,2019,07-07-2021,Current,,,,,,,https://cabsec.gov.in/writereaddata/councilofministers/english/1_Upload_3076.pdf,https://cabsec.gov.in/writereaddata/councilofministers/english/1_Upload_3076.pdf
17,Shri Danve Raosaheb Dadarao,Coal,MoS,2019,07-07-2021,Current,18,Maharashtra,0,M,BJP,17_Maharashtra_18_0_1,https://cabsec.gov.in/writereaddata/councilofministers/english/1_Upload_3076.pdf,https://cabsec.gov.in/writereaddata/councilofministers/english/1_Upload_3076.pdf
17,Shri Pralhad Joshi,Coal,CM,2019,30-05-2019,Current,11,Karnataka,0,M,BJP,17_Karnataka_11_0_1,https://cabsec.gov.in/writereaddata/councilofministers/english/1_Upload_1859.pdf,https://cabsec.gov.in/writereaddata/councilofministers/english/1_Upload_3076.pdf
17,Shri Hardeep Singh Puri,Commerce and Industry,MoS,2019,30-05-2019,07-07-2021,,,,,,,https://cabsec.gov.in/writereaddata/councilofministers/english/1_Upload_1859.pdf,https://cabsec.gov.in/writereaddata/councilofministers/english/1_Upload_3076.pdf
17,Shri Piyush Goyal,Commerce and Industry,CM,2019,30-05-2019,Current,,,,,,,https://cabsec.gov.in/writereaddata/councilofministers/english/1_Upload_1859.pdf,https://cabsec.gov.in/writereaddata/councilofministers/english/1_Upload_3076.pdf
17,Shri Som Parkash,Commerce and Industry,MoS,2019,30-05-2019,Current,5,Punjab,0,M,BJP,17_Punjab_5_0_1,https://cabsec.gov.in/writereaddata/councilofministers/english/1_Upload_1859.pdf,https://cabsec.gov.in/writereaddata/councilofministers/english/1_Upload_3076.pdf
17,Smt. Anupriya Singh Patel,Commerce and Industry,MoS,2019,07-07-2021,Current,79,Uttar_Pradesh,0,F,ADAL,17_Uttar_Pradesh_79_0_1,https://cabsec.gov.in/writereaddata/councilofministers/english/1_Upload_3076.pdf,https://cabsec.gov.in/writereaddata/councilofministers/english/1_Upload_3076.pdf
17,Shri Ashwini Vaishnaw,Communications,CM,2019,07-07-2021,Current,,,,,,,https://cabsec.gov.in/writereaddata/councilofministers/english/1_Upload_3076.pdf,https://cabsec.gov.in/writereaddata/councilofministers/english/1_Upload_3076.pdf
17,Shri Devusinh Chauhan,Communications,MoS,2019,07-07-2021,Current,,,,,,,https://cabsec.gov.in/writereaddata/councilofministers/english/1_Upload_3076.pdf,https://cabsec.gov.in/writereaddata/councilofministers/english/1_Upload_3076.pdf
17,Shri Dhotre Sanjay Shamrao,Communications,MoS,2019,30-05-2019,Current,6,Maharashtra,0,M,BJP,17_Maharashtra_6_0_1,https://cabsec.gov.in/writereaddata/councilofministers/english/1_Upload_1859.pdf,https://cabsec.gov.in/writereaddata/councilofministers/english/1_Upload_3076.pdf
17,Shri Ravi Shankar Prasad,Communications,CM,2019,30-05-2019,07-07-2021,30,Bihar,0,M,BJP,17_Bihar_30_0_1,https://cabsec.gov.in/writereaddata/councilofministers/english/1_Upload_1859.pdf,https://cabsec.gov.in/writereaddata/councilofministers/english/1_Upload_3076.pdf
17,Sadhvi Niranjan Jyoti,"Consumer Affairs, Food and Public Distribution",MoS,2019,07-07-2021,Current,49,Uttar_Pradesh,0,F,BJP,17_Uttar_Pradesh_49_0_1,https://cabsec.gov.in/writereaddata/councilofministers/english/1_Upload_3076.pdf,https://cabsec.gov.in/writereaddata/councilofministers/english/1_Upload_3076.pdf
17,Shri Ashwini Kumar Choubey,"Consumer Affairs, Food and Public Distribution",MoS,2019,07-07-2021,Current,33,Bihar,0,M,BJP,17_Bihar_33_0_1,https://cabsec.gov.in/writereaddata/councilofministers/english/1_Upload_3076.pdf,https://cabsec.gov.in/writereaddata/councilofministers/english/1_Upload_3076.pdf
17,Shri Danve Raosaheb Dadarao,"Consumer Affairs, Food and Public Distribution",MoS,2019,30-05-2019,07-07-2021,18,Maharashtra,0,M,BJP,17_Maharashtra_18_0_1,https://cabsec.gov.in/writereaddata/councilofministers/english/1_Upload_1859.pdf,https://cabsec.gov.in/writereaddata/councilofministers/english/1_Upload_3076.pdf
17,Shri Piyush Goyal,"Consumer Affairs, Food and Public Distribution",CM,2019,09-10-2020,Current,,,,,,,https://cabsec.gov.in/writereaddata/councilofministers/english/1_Upload_2447.pdf,https://cabsec.gov.in/writereaddata/councilofministers/english/1_Upload_3076.pdf
17,Shri Ramvilas Paswan,"Consumer Affairs, Food and Public Distribution",CM,2019,30-05-2019,09-10-2020,,,,,,,https://cabsec.gov.in/writereaddata/councilofministers/english/1_Upload_1859.pdf,https://cabsec.gov.in/writereaddata/councilofministers/english/1_Upload_2447.pdf
17,Shri Amit Shah,Cooperation,CM,2019,07-07-2021,Current,6,Gujarat,0,M,BJP,17_Gujarat_6_0_1,https://cabsec.gov.in/writereaddata/councilofministers/english/1_Upload_3076.pdf,https://cabsec.gov.in/writereaddata/councilofministers/english/1_Upload_3076.pdf
17,Shri B. L. Verma,Cooperation,MoS,2019,07-07-2021,Current,,,,,,,https://cabsec.gov.in/writereaddata/councilofministers/english/1_Upload_3076.pdf,https://cabsec.gov.in/writereaddata/councilofministers/english/1_Upload_3076.pdf
17,Rao Inderjit Singh,Corporate Affairs,MoS,2019,07-07-2021,Current,9,Haryana,0,M,BJP,17_Haryana_9_0_1,https://cabsec.gov.in/writereaddata/councilofministers/english/1_Upload_3076.pdf,https://cabsec.gov.in/writereaddata/councilofministers/english/1_Upload_3076.pdf
17,Shri Anurag Singh Thakur,Corporate Affairs,MoS,2019,30-05-2019,07-07-2021,3,Himachal_Pradesh,0,M,BJP,17_Himachal_Pradesh_3_0_1,https://cabsec.gov.in/writereaddata/councilofministers/english/1_Upload_1859.pdf,https://cabsec.gov.in/writereaddata/councilofministers/english/1_Upload_3076.pdf
17,Smt. Nirmala Sitharaman,Corporate Affairs,CM,2019,30-05-2019,Current,,,,,,,https://cabsec.gov.in/writereaddata/councilofministers/english/1_Upload_1859.pdf,https://cabsec.gov.in/writereaddata/councilofministers/english/1_Upload_3076.pdf
17,Shri Arjun Ram Meghwal,Culture,MoS,2019,07-07-2021,Current,2,Rajasthan,0,M,BJP,17_Rajasthan_2_0_1,https://cabsec.gov.in/writereaddata/councilofministers/english/1_Upload_3076.pdf,https://cabsec.gov.in/writereaddata/councilofministers/english/1_Upload_3076.pdf
17,Shri G. Kishan Reddy,Culture,CM,2019,07-07-2021,Current,8,Telangana,0,M,BJP,17_Telangana_8_0_1,https://cabsec.gov.in/writereaddata/councilofministers/english/1_Upload_3076.pdf,https://cabsec.gov.in/writereaddata/councilofministers/english/1_Upload_3076.pdf
17,Shri Prahalad Singh Patel,Culture,MoS(IC),2019,30-05-2019,07-07-2021,7,Madhya_Pradesh,0,M,BJP,17_Madhya_Pradesh_7_0_1,https://cabsec.gov.in/writereaddata/councilofministers/english/1_Upload_1859.pdf,https://cabsec.gov.in/writereaddata/councilofministers/english/1_Upload_3076.pdf
17,Smt. Meenakashi Lekhi,Culture,MoS,2019,07-07-2021,Current,4,Delhi,0,F,BJP,17_Delhi_4_0_1,https://cabsec.gov.in/writereaddata/councilofministers/english/1_Upload_3076.pdf,https://cabsec.gov.in/writereaddata/councilofministers/english/1_Upload_3076.pdf
17,Shri Ajay Bhatt,Defence,MoS,2019,07-07-2021,Current,4,Uttarakhand,0,M,BJP,17_Uttarakhand_4_0_1,https://cabsec.gov.in/writereaddata/councilofministers/english/1_Upload_3076.pdf,https://cabsec.gov.in/writereaddata/councilofministers/english/1_Upload_3076.pdf
17,Shri Raj Nath Singh,Defence,CM,2019,30-05-2019,Current,35,Uttar_Pradesh,0,M,BJP,17_Uttar_Pradesh_35_0_1,https://cabsec.gov.in/writereaddata/councilofministers/english/1_Upload_1859.pdf,https://cabsec.gov.in/writereaddata/councilofministers/english/1_Upload_3076.pdf
17,Shri Shripad Yesso Naik,Defence,MoS,2019,30-05-2019,07-07-2021,1,Goa,0,M,BJP,17_Goa_1_0_1,https://cabsec.gov.in/writereaddata/councilofministers/english/1_Upload_1859.pdf,https://cabsec.gov.in/writereaddata/councilofministers/english/1_Upload_3076.pdf
17,Dr. Jitendra Singh,Department of Atomic Energy,MoS,2019,30-05-2019,Current,5,Jammu_&_Kashmir,0,M,BJP,17_Jammu_&_Kashmir_5_0_1,https://cabsec.gov.in/writereaddata/councilofministers/english/1_Upload_1859.pdf,https://cabsec.gov.in/writereaddata/councilofministers/english/1_Upload_3076.pdf
17,Shri Narendra Modi,Department of Atomic Energy,CM,2019,30-05-2019,Current,77,Uttar_Pradesh,0,M,BJP,17_Uttar_Pradesh_77_0_1,https://cabsec.gov.in/writereaddata/councilofministers/english/1_Upload_1859.pdf,https://cabsec.gov.in/writereaddata/councilofministers/english/1_Upload_3076.pdf
17,Dr. Jitendra Singh,Department of Space,MoS,2019,30-05-2019,Current,5,Jammu_&_Kashmir,0,M,BJP,17_Jammu_&_Kashmir_5_0_1,https://cabsec.gov.in/writereaddata/councilofministers/english/1_Upload_1859.pdf,https://cabsec.gov.in/writereaddata/councilofministers/english/1_Upload_3076.pdf
17,Shri Narendra Modi,Department of Space,CM,2019,30-05-2019,Current,77,Uttar_Pradesh,0,M,BJP,17_Uttar_Pradesh_77_0_1,https://cabsec.gov.in/writereaddata/councilofministers/english/1_Upload_1859.pdf,https://cabsec.gov.in/writereaddata/councilofministers/english/1_Upload_3076.pdf
17,Dr. Jitendra Singh,Development of North Eastern Region,MoS(IC),2019,30-05-2019,07-07-2021,5,Jammu_&_Kashmir,0,M,BJP,17_Jammu_&_Kashmir_5_0_1,https://cabsec.gov.in/writereaddata/councilofministers/english/1_Upload_1859.pdf,https://cabsec.gov.in/writereaddata/councilofministers/english/1_Upload_3076.pdf
17,Shri B. L. Verma,Development of North Eastern Region,MoS,2019,07-07-2021,Current,,,,,,,https://cabsec.gov.in/writereaddata/councilofministers/english/1_Upload_3076.pdf,https://cabsec.gov.in/writereaddata/councilofministers/english/1_Upload_3076.pdf
17,Shri G. Kishan Reddy,Development of North Eastern Region,CM,2019,07-07-2021,Current,8,Telangana,0,M,BJP,17_Telangana_8_0_1,https://cabsec.gov.in/writereaddata/councilofministers/english/1_Upload_3076.pdf,https://cabsec.gov.in/writereaddata/councilofministers/english/1_Upload_3076.pdf
17,Dr. Harsh Vardhan,Earth Sciences,CM,2019,30-05-2019,Current,1,Delhi,0,M,BJP,17_Delhi_1_0_1,https://cabsec.gov.in/writereaddata/councilofministers/english/1_Upload_1859.pdf,https://cabsec.gov.in/writereaddata/councilofministers/english/1_Upload_3076.pdf
17,Dr. Jitendra Singh,Earth Sciences,MoS(IC),2019,07-07-2021,Current,5,Jammu_&_Kashmir,0,M,BJP,17_Jammu_&_Kashmir_5_0_1,https://cabsec.gov.in/writereaddata/councilofministers/english/1_Upload_3076.pdf,https://cabsec.gov.in/writereaddata/councilofministers/english/1_Upload_3076.pdf
17,Dr. Rajkumar Ranjan Singh,Education,MoS,2019,07-07-2021,Current,1,Manipur,0,M,BJP,17_Manipur_1_0_1,https://cabsec.gov.in/writereaddata/councilofministers/english/1_Upload_3076.pdf,https://cabsec.gov.in/writereaddata/councilofministers/english/1_Upload_3076.pdf
17,Dr. Subhas Sarkar,Education,MoS,2019,07-07-2021,Current,36,West_Bengal,0,M,BJP,17_West_Bengal_36_0_1,https://cabsec.gov.in/writereaddata/councilofministers/english/1_Upload_3076.pdf,https://cabsec.gov.in/writereaddata/councilofministers/english/1_Upload_3076.pdf
17,Shri Dharmendra Pradhan,Education,CM,2019,07-07-2021,Current,,,,,,,https://cabsec.gov.in/writereaddata/councilofministers/english/1_Upload_3076.pdf,https://cabsec.gov.in/writereaddata/councilofministers/english/1_Upload_3076.pdf
17,Shri Dhotre Sanjay Shamrao,Education,MoS,2019,14-08-2020,07-07-2021,6,Maharashtra,0,M,BJP,17_Maharashtra_6_0_1,https://cabsec.gov.in/writereaddata/councilofministers/english/1_Upload_2388.pdf,https://cabsec.gov.in/writereaddata/councilofministers/english/1_Upload_3076.pdf
17,Shri Ramesh Pokhriyal Nishank,Education,CM,2019,14-08-2020,07-07-2021,5,Uttarakhand,0,M,BJP,17_Uttarakhand_5_0_1,https://cabsec.gov.in/writereaddata/councilofministers/english/1_Upload_2388.pdf,https://cabsec.gov.in/writereaddata/councilofministers/english/1_Upload_3076.pdf
17,Smt. Annpurna Devi,Education,MoS,2019,07-07-2021,Current,5,Jharkhand,0,F,BJP,17_Jharkhand_5_0_1,https://cabsec.gov.in/writereaddata/councilofministers/english/1_Upload_3076.pdf,https://cabsec.gov.in/writereaddata/councilofministers/english/1_Upload_3076.pdf
17,Shri Ashwini Vaishnaw,Electronics and Information Technology,CM,2019,07-07-2021,Current,,,,,,,https://cabsec.gov.in/writereaddata/councilofministers/english/1_Upload_3076.pdf,https://cabsec.gov.in/writereaddata/councilofministers/english/1_Upload_3076.pdf
17,Shri Dhotre Sanjay Shamrao,Electronics and Information Technology,MoS,2019,30-05-2019,07-07-2021,6,Maharashtra,0,M,BJP,17_Maharashtra_6_0_1,https://cabsec.gov.in/writereaddata/councilofministers/english/1_Upload_1859.pdf,https://cabsec.gov.in/writereaddata/councilofministers/english/1_Upload_3076.pdf
17,Shri Rajeev Chandrasekhar,Electronics and Information Technology,MoS,2019,07-07-2021,Current,,,,,,,https://cabsec.gov.in/writereaddata/councilofministers/english/1_Upload_3076.pdf,https://cabsec.gov.in/writereaddata/councilofministers/english/1_Upload_3076.pdf
17,Shri Ravi Shankar Prasad,Electronics and Information Technology,CM,2019,30-05-2019,07-07-2021,30,Bihar,0,M,BJP,17_Bihar_30_0_1,https://cabsec.gov.in/writereaddata/councilofministers/english/1_Upload_1859.pdf,https://cabsec.gov.in/writereaddata/councilofministers/english/1_Upload_3076.pdf
17,Shri Ashwini Kumar Choubey,"Environment, Forest and Climate Change",MoS,2019,07-07-2021,Current,33,Bihar,0,M,BJP,17_Bihar_33_0_1,https://cabsec.gov.in/writereaddata/councilofministers/english/1_Upload_3076.pdf,https://cabsec.gov.in/writereaddata/councilofministers/english/1_Upload_3076.pdf
17,Shri Babul Supriyo,"Environment, Forest and Climate Change",MoS,2019,30-05-2019,07-07-2021,40,West_Bengal,0,M,BJP,17_West_Bengal_40_0_1,https://cabsec.gov.in/writereaddata/councilofministers/english/1_Upload_1859.pdf,https://cabsec.gov.in/writereaddata/councilofministers/english/1_Upload_3076.pdf
17,Shri Bhupender Yadav,"Environment, Forest and Climate Change",CM,2019,07-07-2021,Current,,,,,,,https://cabsec.gov.in/writereaddata/councilofministers/english/1_Upload_3076.pdf,https://cabsec.gov.in/writereaddata/councilofministers/english/1_Upload_3076.pdf
17,Shri Prakash Javadekar,"Environment, Forest and Climate Change",CM,2019,30-05-2019,07-07-2021,,,,,,,https://cabsec.gov.in/writereaddata/councilofministers/english/1_Upload_1859.pdf,https://cabsec.gov.in/writereaddata/councilofministers/english/1_Upload_3076.pdf
17,Dr. Rajkumar Ranjan Singh,External Affairs,MoS,2019,07-07-2021,Current,1,Manipur,0,M,BJP,17_Manipur_1_0_1,https://cabsec.gov.in/writereaddata/councilofministers/english/1_Upload_3076.pdf,https://cabsec.gov.in/writereaddata/councilofministers/english/1_Upload_3076.pdf
17,Dr. Subrahmanyam Jaishankar,External Affairs,CM,2019,30-05-2019,Current,,,,,,,https://cabsec.gov.in/writereaddata/councilofministers/english/1_Upload_1859.pdf,https://cabsec.gov.in/writereaddata/councilofministers/english/1_Upload_3076.pdf
17,Shri V. Muraleedharan,External Affairs,MoS,2019,30-05-2019,Current,,,,,,,https://cabsec.gov.in/writereaddata/councilofministers/english/1_Upload_1859.pdf,https://cabsec.gov.in/writereaddata/councilofministers/english/1_Upload_3076.pdf
17,Smt. Meenakashi Lekhi,External Affairs,MoS,2019,07-07-2021,Current,4,Delhi,0,F,BJP,17_Delhi_4_0_1,https://cabsec.gov.in/writereaddata/councilofministers/english/1_Upload_3076.pdf,https://cabsec.gov.in/writereaddata/councilofministers/english/1_Upload_3076.pdf
17,Dr. Bhagwat Kishanrao Karad,Finance,MoS,2019,07-07-2021,Current,,,,,,,https://cabsec.gov.in/writereaddata/councilofministers/english/1_Upload_3076.pdf,https://cabsec.gov.in/writereaddata/councilofministers/english/1_Upload_3076.pdf
17,Shri Anurag Singh Thakur,Finance,MoS,2019,30-05-2019,07-07-2021,3,Himachal_Pradesh,0,M,BJP,17_Himachal_Pradesh_3_0_1,https://cabsec.gov.in/writereaddata/councilofministers/english/1_Upload_1859.pdf,https://cabsec.gov.in/writereaddata/councilofministers/english/1_Upload_3076.pdf
17,Shri Pankaj Chaowdhary,Finance,MoS,2019,07-07-2021,Current,63,Uttar_Pradesh,0,M,BJP,17_Uttar_Pradesh_63_0_1,https://cabsec.gov.in/writereaddata/councilofministers/english/1_Upload_3076.pdf,https://cabsec.gov.in/writereaddata/councilofministers/english/1_Upload_3076.pdf
17,Smt. Nirmala Sitharaman,Finance,CM,2019,30-05-2019,Current,,,,,,,https://cabsec.gov.in/writereaddata/councilofministers/english/1_Upload_1859.pdf,https://cabsec.gov.in/writereaddata/councilofministers/english/1_Upload_3076.pdf
17,Dr. L. Murugan,"Fisheries, Animal Husbandry and Dairying",MoS,2019,07-07-2021,Current,,,,,,,https://cabsec.gov.in/writereaddata/councilofministers/english/1_Upload_3076.pdf,https://cabsec.gov.in/writereaddata/councilofministers/english/1_Upload_3076.pdf
17,Dr. Sanjeev Kumar Balyan,"Fisheries, Animal Husbandry and Dairying",MoS,2019,07-07-2021,Current,3,Uttar_Pradesh,0,M,BJP,17_Uttar_Pradesh_3_0_1,https://cabsec.gov.in/writereaddata/councilofministers/english/1_Upload_3076.pdf,https://cabsec.gov.in/writereaddata/councilofministers/english/1_Upload_3076.pdf
17,Shri Giriraj Singh,"Fisheries, Animal Husbandry and Dairying",CM,2019,30-05-2019,07-07-2021,24,Bihar,0,M,BJP,17_Bihar_24_0_1,https://cabsec.gov.in/writereaddata/councilofministers/english/1_Upload_1859.pdf,https://cabsec.gov.in/writereaddata/councilofministers/english/1_Upload_3076.pdf
17,Shri Parshottam Rupala,"Fisheries, Animal Husbandry and Dairying",CM,2019,07-07-2021,Current,,,,,,,https://cabsec.gov.in/writereaddata/councilofministers/english/1_Upload_3076.pdf,https://cabsec.gov.in/writereaddata/councilofministers/english/1_Upload_3076.pdf
17,Shri Pratap Chandra Sarangi,"Fisheries, Animal Husbandry and Dairying",MoS,2019,30-05-2019,07-07-2021,6,Odisha,0,M,BJP,17_Odisha_6_0_1,https://cabsec.gov.in/writereaddata/councilofministers/english/1_Upload_1859.pdf,https://cabsec.gov.in/writereaddata/councilofministers/english/1_Upload_3076.pdf
17,Shri Sanjeev Kumar Balyan,"Fisheries, Animal Husbandry and Dairying",MoS,2019,30-05-2019,Current,3,Uttar_Pradesh,0,M,BJP,17_Uttar_Pradesh_3_0_1,https://cabsec.gov.in/writereaddata/councilofministers/english/1_Upload_1859.pdf,https://cabsec.gov.in/writereaddata/councilofministers/english/1_Upload_3076.pdf
17,Shri Narendra Singh Tomar,Food Processing Industries,CM,2019,18-09-2020,07-07-2021,1,Madhya_Pradesh,0,M,BJP,17_Madhya_Pradesh_1_0_1,https://cabsec.gov.in/writereaddata/councilofministers/english/1_Upload_2398.pdf,https://cabsec.gov.in/writereaddata/councilofministers/english/1_Upload_3076.pdf
17,Shri Pashu Pati Kumar Paras,Food Processing Industries,CM,2019,07-07-2021,Current,21,Bihar,0,M,LJP,17_Bihar_21_0_1,https://cabsec.gov.in/writereaddata/councilofministers/english/1_Upload_3076.pdf,https://cabsec.gov.in/writereaddata/councilofministers/english/1_Upload_3076.pdf
17,Shri Prahalad Singh Patel,Food Processing Industries,MoS,2019,07-07-2021,Current,7,Madhya_Pradesh,0,M,BJP,17_Madhya_Pradesh_7_0_1,https://cabsec.gov.in/writereaddata/councilofministers/english/1_Upload_3076.pdf,https://cabsec.gov.in/writereaddata/councilofministers/english/1_Upload_3076.pdf
17,Shri Rameswar Teli,Food Processing Industries,MoS,2019,30-05-2019,07-07-2021,13,Assam,0,M,BJP,17_Assam_13_0_1,https://cabsec.gov.in/writereaddata/councilofministers/english/1_Upload_1859.pdf,https://cabsec.gov.in/writereaddata/councilofministers/english/1_Upload_3076.pdf
17,Smt. Harsimrat Kaur Badal,Food Processing Industries,CM,2019,30-05-2019,18-09-2020,11,Punjab,0,F,SAD,17_Punjab_11_0_1,https://cabsec.gov.in/writereaddata/councilofministers/english/1_Upload_1859.pdf,https://cabsec.gov.in/writereaddata/councilofministers/english/1_Upload_2398.pdf
17,Dr. Bharati Pravin Pawar,Health and Family Welfare,MoS,2019,07-07-2021,Current,20,Maharashtra,0,F,BJP,17_Maharashtra_20_0_1,https://cabsec.gov.in/writereaddata/councilofministers/english/1_Upload_3076.pdf,https://cabsec.gov.in/writereaddata/councilofministers/english/1_Upload_3076.pdf
17,Dr. Harsh Vardhan,Health and Family Welfare,CM,2019,30-05-2019,07-07-2021,1,Delhi,0,M,BJP,17_Delhi_1_0_1,https://cabsec.gov.in/writereaddata/councilofministers/english/1_Upload_1859.pdf,https://cabsec.gov.in/writereaddata/councilofministers/english/1_Upload_3076.pdf
17,Shri Ashwini Kumar Choubey,Health and Family Welfare,MoS,2019,30-05-2019,07-07-2021,33,Bihar,0,M,BJP,17_Bihar_33_0_1,https://cabsec.gov.in/writereaddata/councilofministers/english/1_Upload_1859.pdf,https://cabsec.gov.in/writereaddata/councilofministers/english/1_Upload_3076.pdf
17,Shri Mansukh Mandaviya,Health and Family Welfare,CM,2019,07-07-2021,Current,,,,,,,https://cabsec.gov.in/writereaddata/councilofministers/english/1_Upload_3076.pdf,https://cabsec.gov.in/writereaddata/councilofministers/english/1_Upload_3076.pdf
17,Dr. Mahendra Nath Pandey,Heavy Industries,CM,2019,07-07-2021,Current,76,Uttar_Pradesh,0,M,BJP,17_Uttar_Pradesh_76_0_1,https://cabsec.gov.in/writereaddata/councilofministers/english/1_Upload_3076.pdf,https://cabsec.gov.in/writereaddata/councilofministers/english/1_Upload_3076.pdf
17,Shri Krishan Pal,Heavy Industries,MoS,2019,07-07-2021,Current,10,Haryana,0,M,BJP,17_Haryana_10_0_1,https://cabsec.gov.in/writereaddata/councilofministers/english/1_Upload_3076.pdf,https://cabsec.gov.in/writereaddata/councilofministers/english/1_Upload_3076.pdf
17,Shri Arjun Ram Meghwal,Heavy Industries and Public Enterprises,MoS,2019,30-05-2019,07-07-2021,2,Rajasthan,0,M,BJP,17_Rajasthan_2_0_1,https://cabsec.gov.in/writereaddata/councilofministers/english/1_Upload_1859.pdf,https://cabsec.gov.in/writereaddata/councilofministers/english/1_Upload_3076.pdf
17,Shri Arvind Ganpat Sawant,Heavy Industries and Public Enterprises,CM,2019,30-05-2019,12-11-2019,31,Maharashtra,0,M,SHS,17_Maharashtra_31_0_1,https://cabsec.gov.in/writereaddata/councilofministers/english/1_Upload_1859.pdf,https://cabsec.gov.in/writereaddata/councilofministers/english/1_Upload_1943.pdf
17,Shri Prakash Javadekar,Heavy Industries and Public Enterprises,CM,2019,12-11-2019,07-07-2021,,,,,,,https://cabsec.gov.in/writereaddata/councilofministers/english/1_Upload_1943.pdf,https://cabsec.gov.in/writereaddata/councilofministers/english/1_Upload_3076.pdf
17,Shri Ajay Kumar,Home Affairs,MoS,2019,07-07-2021,Current,28,Uttar_Pradesh,0,M,BJP,17_Uttar_Pradesh_28_0_1,https://cabsec.gov.in/writereaddata/councilofministers/english/1_Upload_3076.pdf,https://cabsec.gov.in/writereaddata/councilofministers/english/1_Upload_3076.pdf
17,Shri Amit Shah,Home Affairs,CM,2019,30-05-2019,Current,6,Gujarat,0,M,BJP,17_Gujarat_6_0_1,https://cabsec.gov.in/writereaddata/councilofministers/english/1_Upload_1859.pdf,https://cabsec.gov.in/writereaddata/councilofministers/english/1_Upload_3076.pdf
17,Shri G. Kishan Reddy,Home Affairs,MoS,2019,30-05-2019,07-07-2021,8,Telangana,0,M,BJP,17_Telangana_8_0_1,https://cabsec.gov.in/writereaddata/councilofministers/english/1_Upload_1859.pdf,https://cabsec.gov.in/writereaddata/councilofministers/english/1_Upload_3076.pdf
17,Shri Nisith Pramanik,Home Affairs,MoS,2019,07-07-2021,Current,1,West_Bengal,0,M,BJP,17_West_Bengal_1_0_1,https://cabsec.gov.in/writereaddata/councilofministers/english/1_Upload_3076.pdf,https://cabsec.gov.in/writereaddata/councilofministers/english/1_Upload_3076.pdf
17,Shri Nityanand Rai,Home Affairs,MoS,2019,30-05-2019,Current,22,Bihar,0,M,BJP,17_Bihar_22_0_1,https://cabsec.gov.in/writereaddata/councilofministers/english/1_Upload_1859.pdf,https://cabsec.gov.in/writereaddata/councilofministers/english/1_Upload_3076.pdf
17,Shri Hardeep Singh Puri,Housing and Urban Affairs,MoS(IC),2019,30-05-2019,07-07-2021,,,,,,,https://cabsec.gov.in/writereaddata/councilofministers/english/1_Upload_1859.pdf,https://cabsec.gov.in/writereaddata/councilofministers/english/1_Upload_3076.pdf
17,Shri Hardeep Singh Puri,Housing and Urban Affairs,CM,2019,07-07-2021,Current,,,,,,,https://cabsec.gov.in/writereaddata/councilofministers/english/1_Upload_3076.pdf,https://cabsec.gov.in/writereaddata/councilofministers/english/1_Upload_3076.pdf
17,Shri Kaushal Kishore,Housing and Urban Affairs,MoS,2019,07-07-2021,Current,34,Uttar_Pradesh,0,M,BJP,17_Uttar_Pradesh_34_0_1,https://cabsec.gov.in/writereaddata/councilofministers/english/1_Upload_3076.pdf,https://cabsec.gov.in/writereaddata/councilofministers/english/1_Upload_3076.pdf
17,Shri Dhotre Sanjay Shamrao,Human Resource Development,MoS,2019,30-05-2019,14-08-2020,6,Maharashtra,0,M,BJP,17_Maharashtra_6_0_1,https://cabsec.gov.in/writereaddata/councilofministers/english/1_Upload_1859.pdf,https://cabsec.gov.in/writereaddata/councilofministers/english/1_Upload_2388.pdf
17,Shri Ramesh Pokhriyal Nishank,Human Resource Development,CM,2019,30-05-2019,14-08-2020,5,Uttarakhand,0,M,BJP,17_Uttarakhand_5_0_1,https://cabsec.gov.in/writereaddata/councilofministers/english/1_Upload_1859.pdf,https://cabsec.gov.in/writereaddata/councilofministers/english/1_Upload_2388.pdf
17,Dr. L. Murugan,Information and Broadcasting,MoS,2019,07-07-2021,Current,,,,,,,https://cabsec.gov.in/writereaddata/councilofministers/english/1_Upload_3076.pdf,https://cabsec.gov.in/writereaddata/councilofministers/english/1_Upload_3076.pdf
17,Shri Anurag Singh Thakur,Information and Broadcasting,CM,2019,07-07-2021,Current,3,Himachal_Pradesh,0,M,BJP,17_Himachal_Pradesh_3_0_1,https://cabsec.gov.in/writereaddata/councilofministers/english/1_Upload_3076.pdf,https://cabsec.gov.in/writereaddata/councilofministers/english/1_Upload_3076.pdf
17,Shri Prakash Javadekar,Information and Broadcasting,CM,2019,30-05-2019,07-07-2021,,,,,,,https://cabsec.gov.in/writereaddata/councilofministers/english/1_Upload_1859.pdf,https://cabsec.gov.in/writereaddata/councilofministers/english/1_Upload_3076.pdf
17,Shri Bishweswar Tudu,Jal Shakti,MoS,2019,07-07-2021,Current,5,Odisha,0,M,BJP,17_Odisha_5_0_1,https://cabsec.gov.in/writereaddata/councilofministers/english/1_Upload_3076.pdf,https://cabsec.gov.in/writereaddata/councilofministers/english/1_Upload_3076.pdf
17,Shri Gajendra Singh Shekhawat,Jal Shakti,CM,2019,30-05-2019,Current,16,Rajasthan,0,M,BJP,17_Rajasthan_16_0_1,https://cabsec.gov.in/writereaddata/councilofministers/english/1_Upload_1859.pdf,https://cabsec.gov.in/writereaddata/councilofministers/english/1_Upload_3076.pdf
17,Shri Prahalad Singh Patel,Jal Shakti,MoS,2019,07-07-2021,Current,7,Madhya_Pradesh,0,M,BJP,17_Madhya_Pradesh_7_0_1,https://cabsec.gov.in/writereaddata/councilofministers/english/1_Upload_3076.pdf,https://cabsec.gov.in/writereaddata/councilofministers/english/1_Upload_3076.pdf
17,Shri Rattan Lal Kataria,Jal Shakti,MoS,2019,30-05-2019,Current,1,Haryana,0,M,BJP,17_Haryana_1_0_1,https://cabsec.gov.in/writereaddata/councilofministers/english/1_Upload_1859.pdf,https://cabsec.gov.in/writereaddata/councilofministers/english/1_Upload_3076.pdf
17,Shri Bhupender Yadav,Labour and Employment,CM,2019,07-07-2021,Current,,,,,,,https://cabsec.gov.in/writereaddata/councilofministers/english/1_Upload_3076.pdf,https://cabsec.gov.in/writereaddata/councilofministers/english/1_Upload_3076.pdf
17,Shri Rameswar Teli,Labour and Employment,MoS,2019,07-07-2021,Current,13,Assam,0,M,BJP,17_Assam_13_0_1,https://cabsec.gov.in/writereaddata/councilofministers/english/1_Upload_3076.pdf,https://cabsec.gov.in/writereaddata/councilofministers/english/1_Upload_3076.pdf
17,Shri Santosh Kumar Gangwar,Labour and Employment,MoS(IC),2019,30-05-2019,07-07-2021,25,Uttar_Pradesh,0,M,BJP,17_Uttar_Pradesh_25_0_1,https://cabsec.gov.in/writereaddata/councilofministers/english/1_Upload_1859.pdf,https://cabsec.gov.in/writereaddata/councilofministers/english/1_Upload_3076.pdf
17,Prof. S. P. Singh Baghel,Law and Justice,MoS,2019,07-07-2021,Current,,,,,,,https://cabsec.gov.in/writereaddata/councilofministers/english/1_Upload_3076.pdf,https://cabsec.gov.in/writereaddata/councilofministers/english/1_Upload_3076.pdf
17,Shri Kiren Rijiju,Law and Justice,CM,2019,07-07-2021,Current,1,Arunachal_Pradesh,0,M,BJP,17_Arunachal_Pradesh_1_0_1,https://cabsec.gov.in/writereaddata/councilofministers/english/1_Upload_3076.pdf,https://cabsec.gov.in/writereaddata/councilofministers/english/1_Upload_3076.pdf
17,Shri Ravi Shankar Prasad,Law and Justice,CM,2019,30-05-2019,07-07-2021,30,Bihar,0,M,BJP,17_Bihar_30_0_1,https://cabsec.gov.in/writereaddata/councilofministers/english/1_Upload_1859.pdf,https://cabsec.gov.in/writereaddata/councilofministers/english/1_Upload_3076.pdf
17,Shri Bhanu Pratap Singh Verma,"Micro, Small and Medium Enterprises",MoS,2019,07-07-2021,Current,45,Uttar_Pradesh,0,M,BJP,17_Uttar_Pradesh_45_0_1,https://cabsec.gov.in/writereaddata/councilofministers/english/1_Upload_3076.pdf,https://cabsec.gov.in/writereaddata/councilofministers/english/1_Upload_3076.pdf
17,Shri Narayan Tatu Rane,"Micro, Small and Medium Enterprises",CM,2019,07-07-2021,Current,,,,,,,https://cabsec.gov.in/writereaddata/councilofministers/english/1_Upload_3076.pdf,https://cabsec.gov.in/writereaddata/councilofministers/english/1_Upload_3076.pdf
17,Shri Nitin Jairam Gadkari,"Micro, Small and Medium Enterprises",CM,2019,30-05-2019,07-07-2021,10,Maharashtra,0,M,BJP,17_Maharashtra_10_0_1,https://cabsec.gov.in/writereaddata/councilofministers/english/1_Upload_1859.pdf,https://cabsec.gov.in/writereaddata/councilofministers/english/1_Upload_3076.pdf
17,Shri Pratap Chandra Sarangi,"Micro, Small and Medium Enterprises",MoS,2019,30-05-2019,07-07-2021,6,Odisha,0,M,BJP,17_Odisha_6_0_1,https://cabsec.gov.in/writereaddata/councilofministers/english/1_Upload_1859.pdf,https://cabsec.gov.in/writereaddata/councilofministers/english/1_Upload_3076.pdf
17,Shri Danve Raosaheb Dadarao,Mines,MoS,2019,07-07-2021,Current,18,Maharashtra,0,M,BJP,17_Maharashtra_18_0_1,https://cabsec.gov.in/writereaddata/councilofministers/english/1_Upload_3076.pdf,https://cabsec.gov.in/writereaddata/councilofministers/english/1_Upload_3076.pdf
17,Shri Pralhad Joshi,Mines,CM,2019,30-05-2019,Current,11,Karnataka,0,M,BJP,17_Karnataka_11_0_1,https://cabsec.gov.in/writereaddata/councilofministers/english/1_Upload_1859.pdf,https://cabsec.gov.in/writereaddata/councilofministers/english/1_Upload_3076.pdf
17,Shri John Barla,Minority Affairs,MoS,2019,07-07-2021,Current,2,West_Bengal,0,M,BJP,17_West_Bengal_2_0_1,https://cabsec.gov.in/writereaddata/councilofministers/english/1_Upload_3076.pdf,https://cabsec.gov.in/writereaddata/councilofministers/english/1_Upload_3076.pdf
17,Shri Kiren Rijiju,Minority Affairs,MoS,2019,30-05-2019,07-07-2021,1,Arunachal_Pradesh,0,M,BJP,17_Arunachal_Pradesh_1_0_1,https://cabsec.gov.in/writereaddata/councilofministers/english/1_Upload_1859.pdf,https://cabsec.gov.in/writereaddata/councilofministers/english/1_Upload_3076.pdf
17,Shri Mukhtar Abbas Naqvi,Minority Affairs,CM,2019,30-05-2019,Current,,,,,,,https://cabsec.gov.in/writereaddata/councilofministers/english/1_Upload_1859.pdf,https://cabsec.gov.in/writereaddata/councilofministers/english/1_Upload_3076.pdf
17,Shri Bhagwanth Khuba,New and Renewable Energy,MoS,2019,07-07-2021,Current,7,Karnataka,0,M,BJP,17_Karnataka_7_0_1,https://cabsec.gov.in/writereaddata/councilofministers/english/1_Upload_3076.pdf,https://cabsec.gov.in/writereaddata/councilofministers/english/1_Upload_3076.pdf
17,Shri Raj Kumar Singh,New and Renewable Energy,MoS(IC),2019,30-05-2019,07-07-2021,,,,,,,https://cabsec.gov.in/writereaddata/councilofministers/english/1_Upload_1859.pdf,https://cabsec.gov.in/writereaddata/councilofministers/english/1_Upload_3076.pdf
17,Shri Raj Kumar Singh,New and Renewable Energy,CM,2019,07-07-2021,Current,,,,,,,https://cabsec.gov.in/writereaddata/councilofministers/english/1_Upload_3076.pdf,https://cabsec.gov.in/writereaddata/councilofministers/english/1_Upload_3076.pdf
17,Shri Giriraj Singh,Panchayati Raj,CM,2019,07-07-2021,Current,24,Bihar,0,M,BJP,17_Bihar_24_0_1,https://cabsec.gov.in/writereaddata/councilofministers/english/1_Upload_3076.pdf,https://cabsec.gov.in/writereaddata/councilofministers/english/1_Upload_3076.pdf
17,Shri Kapil Moreshwar Patil,Panchayati Raj,MoS,2019,07-07-2021,Current,23,Maharashtra,0,M,BJP,17_Maharashtra_23_0_1,https://cabsec.gov.in/writereaddata/councilofministers/english/1_Upload_3076.pdf,https://cabsec.gov.in/writereaddata/councilofministers/english/1_Upload_3076.pdf
17,Shri Narendra Singh Tomar,Panchayati Raj,CM,2019,30-05-2019,07-07-2021,1,Madhya_Pradesh,0,M,BJP,17_Madhya_Pradesh_1_0_1,https://cabsec.gov.in/writereaddata/councilofministers/english/1_Upload_1859.pdf,https://cabsec.gov.in/writereaddata/councilofministers/english/1_Upload_3076.pdf
17,Shri Arjun Ram Meghwal,Parliamentary Affairs,MoS,2019,30-05-2019,Current,2,Rajasthan,0,M,BJP,17_Rajasthan_2_0_1,https://cabsec.gov.in/writereaddata/councilofministers/english/1_Upload_1859.pdf,https://cabsec.gov.in/writereaddata/councilofministers/english/1_Upload_3076.pdf
17,Shri Pralhad Joshi,Parliamentary Affairs,CM,2019,30-05-2019,Current,11,Karnataka,0,M,BJP,17_Karnataka_11_0_1,https://cabsec.gov.in/writereaddata/councilofministers/english/1_Upload_1859.pdf,https://cabsec.gov.in/writereaddata/councilofministers/english/1_Upload_3076.pdf
17,Shri V. Muraleedharan,Parliamentary Affairs,MoS,2019,30-05-2019,Current,,,,,,,https://cabsec.gov.in/writereaddata/councilofministers/english/1_Upload_1859.pdf,https://cabsec.gov.in/writereaddata/councilofministers/english/1_Upload_3076.pdf
17,Dr. Jitendra Singh,"Personnel, Public Grievances and Pensions",MoS,2019,30-05-2019,Current,5,Jammu_&_Kashmir,0,M,BJP,17_Jammu_&_Kashmir_5_0_1,https://cabsec.gov.in/writereaddata/councilofministers/english/1_Upload_1859.pdf,https://cabsec.gov.in/writereaddata/councilofministers/english/1_Upload_3076.pdf
17,Shri Narendra Modi,"Personnel, Public Grievances and Pensions",CM,2019,30-05-2019,Current,77,Uttar_Pradesh,0,M,BJP,17_Uttar_Pradesh_77_0_1,https://cabsec.gov.in/writereaddata/councilofministers/english/1_Upload_1859.pdf,https://cabsec.gov.in/writereaddata/councilofministers/english/1_Upload_3076.pdf
17,Shri Dharmendra Pradhan,Petroleum and Natural Gas,CM,2019,30-05-2019,07-07-2021,,,,,,,https://cabsec.gov.in/writereaddata/councilofministers/english/1_Upload_1859.pdf,https://cabsec.gov.in/writereaddata/councilofministers/english/1_Upload_3076.pdf
17,Shri Hardeep Singh Puri,Petroleum and Natural Gas,CM,2019,07-07-2021,Current,,,,,,,https://cabsec.gov.in/writereaddata/councilofministers/english/1_Upload_3076.pdf,https://cabsec.gov.in/writereaddata/councilofministers/english/1_Upload_3076.pdf
17,Shri Rameswar Teli,Petroleum and Natural Gas,MoS,2019,07-07-2021,Current,13,Assam,0,M,BJP,17_Assam_13_0_1,https://cabsec.gov.in/writereaddata/councilofministers/english/1_Upload_3076.pdf,https://cabsec.gov.in/writereaddata/councilofministers/english/1_Upload_3076.pdf
17,Rao Inderjit Singh,Planning,MoS(IC),2019,30-05-2019,Current,9,Haryana,0,M,BJP,17_Haryana_9_0_1,https://cabsec.gov.in/writereaddata/councilofministers/english/1_Upload_1859.pdf,https://cabsec.gov.in/writereaddata/councilofministers/english/1_Upload_3076.pdf
17,Shri Faggansingh Kulaste,"Ports, Shipping and Waterways",MoS,2019,07-07-2021,Current,14,Madhya_Pradesh,0,M,BJP,17_Madhya_Pradesh_14_0_1,https://cabsec.gov.in/writereaddata/councilofministers/english/1_Upload_3076.pdf,https://cabsec.gov.in/writereaddata/councilofministers/english/1_Upload_3076.pdf
17,Shri Mansukh Mandaviya,"Ports, Shipping and Waterways",MoS(IC),2019,30-05-2019,07-07-2021,,,,,,,https://cabsec.gov.in/writereaddata/councilofministers/english/1_Upload_1859.pdf,https://cabsec.gov.in/writereaddata/councilofministers/english/1_Upload_3076.pdf
17,Shri Sarbananda Sonowal,"Ports, Shipping and Waterways",CM,2019,07-07-2021,Current,,,,,,,https://cabsec.gov.in/writereaddata/councilofministers/english/1_Upload_3076.pdf,https://cabsec.gov.in/writereaddata/councilofministers/english/1_Upload_3076.pdf
17,Shri Shantanu Thakur,"Ports, Shipping and Waterways",MoS,2019,07-07-2021,Current,14,West_Bengal,0,M,BJP,17_West_Bengal_14_0_1,https://cabsec.gov.in/writereaddata/councilofministers/english/1_Upload_3076.pdf,https://cabsec.gov.in/writereaddata/councilofministers/english/1_Upload_3076.pdf
17,Shri Shripad Yesso Naik,"Ports, Shipping and Waterways",MoS,2019,07-07-2021,Current,1,Goa,0,M,BJP,17_Goa_1_0_1,https://cabsec.gov.in/writereaddata/councilofministers/english/1_Upload_3076.pdf,https://cabsec.gov.in/writereaddata/councilofministers/english/1_Upload_3076.pdf
17,Shri Krishan Pal,Power,MoS,2019,07-07-2021,Current,10,Haryana,0,M,BJP,17_Haryana_10_0_1,https://cabsec.gov.in/writereaddata/councilofministers/english/1_Upload_3076.pdf,https://cabsec.gov.in/writereaddata/councilofministers/english/1_Upload_3076.pdf
17,Shri Raj Kumar Singh,Power,MoS(IC),2019,30-05-2019,07-07-2021,,,,,,,https://cabsec.gov.in/writereaddata/councilofministers/english/1_Upload_1859.pdf,https://cabsec.gov.in/writereaddata/councilofministers/english/1_Upload_3076.pdf
17,Shri Raj Kumar Singh,Power,CM,2019,07-07-2021,Current,,,,,,,https://cabsec.gov.in/writereaddata/councilofministers/english/1_Upload_3076.pdf,https://cabsec.gov.in/writereaddata/councilofministers/english/1_Upload_3076.pdf
17,Shri Narendra Modi,Prime Minister,PM,2019,30-05-2019,Current,77,Uttar_Pradesh,0,M,BJP,17_Uttar_Pradesh_77_0_1,https://cabsec.gov.in/writereaddata/councilofministers/english/1_Upload_1859.pdf,https://cabsec.gov.in/writereaddata/councilofministers/english/1_Upload_3076.pdf
17,Dr. Jitendra Singh,Prime Minister's Office,MoS,2019,30-05-2019,Current,5,Jammu_&_Kashmir,0,M,BJP,17_Jammu_&_Kashmir_5_0_1,https://cabsec.gov.in/writereaddata/councilofministers/english/1_Upload_1859.pdf,https://cabsec.gov.in/writereaddata/councilofministers/english/1_Upload_3076.pdf
17,Shri Angadi Suresh Channabasappa,Railways,MoS,2019,30-05-2019,23-09-2020,2,Karnataka,0,M,BJP,17_Karnataka_2_0_1,https://cabsec.gov.in/writereaddata/councilofministers/english/1_Upload_1859.pdf,https://cabsec.gov.in/writereaddata/councilofministers/english/1_Upload_2405.pdf
17,Shri Ashwini Vaishnaw,Railways,CM,2019,07-07-2021,Current,,,,,,,https://cabsec.gov.in/writereaddata/councilofministers/english/1_Upload_3076.pdf,https://cabsec.gov.in/writereaddata/councilofministers/english/1_Upload_3076.pdf
17,Shri Danve Raosaheb Dadarao,Railways,MoS,2019,07-07-2021,Current,18,Maharashtra,0,M,BJP,17_Maharashtra_18_0_1,https://cabsec.gov.in/writereaddata/councilofministers/english/1_Upload_3076.pdf,https://cabsec.gov.in/writereaddata/councilofministers/english/1_Upload_3076.pdf
17,Shri Piyush Goyal,Railways,CM,2019,30-05-2019,07-07-2021,,,,,,,https://cabsec.gov.in/writereaddata/councilofministers/english/1_Upload_1859.pdf,https://cabsec.gov.in/writereaddata/councilofministers/english/1_Upload_3076.pdf
17,Smt. Darshana Vikram Jardosh,Railways,MoS,2019,07-07-2021,Current,24,Gujarat,0,F,BJP,17_Gujarat_24_0_1,https://cabsec.gov.in/writereaddata/councilofministers/english/1_Upload_3076.pdf,https://cabsec.gov.in/writereaddata/councilofministers/english/1_Upload_3076.pdf
17,General (Retd.) V. K. Singh,Road Transport and Highways,MoS,2019,30-05-2019,Current,,,,,,,https://cabsec.gov.in/writereaddata/councilofministers/english/1_Upload_1859.pdf,https://cabsec.gov.in/writereaddata/councilofministers/english/1_Upload_3076.pdf
17,Shri Nitin Jairam Gadkari,Road Transport and Highways,CM,2019,30-05-2019,Current,10,Maharashtra,0,M,BJP,17_Maharashtra_10_0_1,https://cabsec.gov.in/writereaddata/councilofministers/english/1_Upload_1859.pdf,https://cabsec.gov.in/writereaddata/councilofministers/english/1_Upload_3076.pdf
17,Sadhvi Niranjan Jyoti,Rural Development,MoS,2019,30-05-2019,Current,49,Uttar_Pradesh,0,F,BJP,17_Uttar_Pradesh_49_0_1,https://cabsec.gov.in/writereaddata/councilofministers/english/1_Upload_1859.pdf,https://cabsec.gov.in/writereaddata/councilofministers/english/1_Upload_3076.pdf
17,Shri Giriraj Singh,Rural Development,CM,2019,07-07-2021,Current,24,Bihar,0,M,BJP,17_Bihar_24_0_1,https://cabsec.gov.in/writereaddata/councilofministers/english/1_Upload_3076.pdf,https://cabsec.gov.in/writereaddata/councilofministers/english/1_Upload_3076.pdf
17,Shri Narendra Singh Tomar,Rural Development,CM,2019,30-05-2019,07-07-2021,1,Madhya_Pradesh,0,M,BJP,17_Madhya_Pradesh_1_0_1,https://cabsec.gov.in/writereaddata/councilofministers/english/1_Upload_1859.pdf,https://cabsec.gov.in/writereaddata/councilofministers/english/1_Upload_3076.pdf
17,Dr. Harsh Vardhan,Science and Technology,CM,2019,30-05-2019,07-07-2021,1,Delhi,0,M,BJP,17_Delhi_1_0_1,https://cabsec.gov.in/writereaddata/councilofministers/english/1_Upload_1859.pdf,https://cabsec.gov.in/writereaddata/councilofministers/english/1_Upload_3076.pdf
17,Dr. Jitendra Singh,Science and Technology,MoS(IC),2019,07-07-2021,Current,5,Jammu_&_Kashmir,0,M,BJP,17_Jammu_&_Kashmir_5_0_1,https://cabsec.gov.in/writereaddata/councilofministers/english/1_Upload_3076.pdf,https://cabsec.gov.in/writereaddata/councilofministers/english/1_Upload_3076.pdf
17,Dr. Mahendra Nath Pandey,Skill Development and Entrepreneurship,CM,2019,30-05-2019,07-07-2021,76,Uttar_Pradesh,0,M,BJP,17_Uttar_Pradesh_76_0_1,https://cabsec.gov.in/writereaddata/councilofministers/english/1_Upload_1859.pdf,https://cabsec.gov.in/writereaddata/councilofministers/english/1_Upload_3076.pdf
17,Shri Dharmendra Pradhan,Skill Development and Entrepreneurship,CM,2019,07-07-2021,Current,,,,,,,https://cabsec.gov.in/writereaddata/councilofministers/english/1_Upload_3076.pdf,https://cabsec.gov.in/writereaddata/councilofministers/english/1_Upload_3076.pdf
17,Shri Raj Kumar Singh,Skill Development and Entrepreneurship,MoS,2019,30-05-2019,07-07-2021,,,,,,,https://cabsec.gov.in/writereaddata/councilofministers/english/1_Upload_1859.pdf,https://cabsec.gov.in/writereaddata/councilofministers/english/1_Upload_3076.pdf
17,Shri Rajeev Chandrasekhar,Skill Development and Entrepreneurship,MoS,2019,07-07-2021,Current,,,,,,,https://cabsec.gov.in/writereaddata/councilofministers/english/1_Upload_3076.pdf,https://cabsec.gov.in/writereaddata/councilofministers/english/1_Upload_3076.pdf
17,Dr. Virendra Kumar,Social Justice and Empowerment,CM,2019,07-07-2021,Current,6,Madhya_Pradesh,0,M,BJP,17_Madhya_Pradesh_6_0_1,https://cabsec.gov.in/writereaddata/councilofministers/english/1_Upload_3076.pdf,https://cabsec.gov.in/writereaddata/councilofministers/english/1_Upload_3076.pdf
17,Shri A. Narayanaswamy,Social Justice and Empowerment,MoS,2019,07-07-2021,Current,18,Karnataka,0,M,BJP,17_Karnataka_18_0_1,https://cabsec.gov.in/writereaddata/councilofministers/english/1_Upload_3076.pdf,https://cabsec.gov.in/writereaddata/councilofministers/english/1_Upload_3076.pdf
17,Shri Krishan Pal,Social Justice and Empowerment,MoS,2019,30-05-2019,07-07-2021,10,Haryana,0,M,BJP,17_Haryana_10_0_1,https://cabsec.gov.in/writereaddata/councilofministers/english/1_Upload_1859.pdf,https://cabsec.gov.in/writereaddata/councilofministers/english/1_Upload_3076.pdf
17,Shri Ramdas Athawale,Social Justice and Empowerment,MoS,2019,30-05-2019,Current,,,,,,,https://cabsec.gov.in/writereaddata/councilofministers/english/1_Upload_1859.pdf,https://cabsec.gov.in/writereaddata/councilofministers/english/1_Upload_3076.pdf
17,Shri Rattan Lal Kataria,Social Justice and Empowerment,MoS,2019,30-05-2019,07-07-2021,1,Haryana,0,M,BJP,17_Haryana_1_0_1,https://cabsec.gov.in/writereaddata/councilofministers/english/1_Upload_1859.pdf,https://cabsec.gov.in/writereaddata/councilofministers/english/1_Upload_3076.pdf
17,Shri Thaawar Chand Gehlot,Social Justice and Empowerment,CM,2019,30-05-2019,07-07-2021,,,,,,,https://cabsec.gov.in/writereaddata/councilofministers/english/1_Upload_1859.pdf,https://cabsec.gov.in/writereaddata/councilofministers/english/1_Upload_3076.pdf
17,Sushri Pratima Bhoumik,Social Justice and Empowerment,MoS,2019,07-07-2021,Current,1,Tripura,0,F,BJP,17_Tripura_1_0_1,https://cabsec.gov.in/writereaddata/councilofministers/english/1_Upload_3076.pdf,https://cabsec.gov.in/writereaddata/councilofministers/english/1_Upload_3076.pdf
17,Rao Inderjit Singh,Statistics and Programme Implementation,MoS(IC),2019,30-05-2019,Current,9,Haryana,0,M,BJP,17_Haryana_9_0_1,https://cabsec.gov.in/writereaddata/councilofministers/english/1_Upload_1859.pdf,https://cabsec.gov.in/writereaddata/councilofministers/english/1_Upload_3076.pdf
17,Shri Dharmendra Pradhan,Steel,CM,2019,30-05-2019,07-07-2021,,,,,,,https://cabsec.gov.in/writereaddata/councilofministers/english/1_Upload_1859.pdf,https://cabsec.gov.in/writereaddata/councilofministers/english/1_Upload_3076.pdf
17,Shri Faggansingh Kulaste,Steel,MoS,2019,30-05-2019,07-07-2021,14,Madhya_Pradesh,0,M,BJP,17_Madhya_Pradesh_14_0_1,https://cabsec.gov.in/writereaddata/councilofministers/english/1_Upload_1859.pdf,https://cabsec.gov.in/writereaddata/councilofministers/english/1_Upload_3076.pdf
17,Shri Ramchandra Prasad Singh,Steel,CM,2019,07-07-2021,Current,,,,,,,https://cabsec.gov.in/writereaddata/councilofministers/english/1_Upload_3076.pdf,https://cabsec.gov.in/writereaddata/councilofministers/english/1_Upload_3076.pdf
17,Shri Piyush Goyal,Textiles,CM,2019,07-07-2021,Current,,,,,,,https://cabsec.gov.in/writereaddata/councilofministers/english/1_Upload_3076.pdf,https://cabsec.gov.in/writereaddata/councilofministers/english/1_Upload_3076.pdf
17,Smt. Darshana Vikram Jardosh,Textiles,MoS,2019,07-07-2021,Current,24,Gujarat,0,F,BJP,17_Gujarat_24_0_1,https://cabsec.gov.in/writereaddata/councilofministers/english/1_Upload_3076.pdf,https://cabsec.gov.in/writereaddata/councilofministers/english/1_Upload_3076.pdf
17,Smt. Smriti Zubin Irani,Textiles,CM,2019,30-05-2019,07-07-2021,37,Uttar_Pradesh,0,F,BJP,17_Uttar_Pradesh_37_0_1,https://cabsec.gov.in/writereaddata/councilofministers/english/1_Upload_1859.pdf,https://cabsec.gov.in/writereaddata/councilofministers/english/1_Upload_3076.pdf
17,Shri Ajay Bhatt,Tourism,MoS,2019,07-07-2021,Current,4,Uttarakhand,0,M,BJP,17_Uttarakhand_4_0_1,https://cabsec.gov.in/writereaddata/councilofministers/english/1_Upload_3076.pdf,https://cabsec.gov.in/writereaddata/councilofministers/english/1_Upload_3076.pdf
17,Shri Faggansingh Kulaste,Tourism,MoS,2019,07-07-2021,Current,14,Madhya_Pradesh,0,M,BJP,17_Madhya_Pradesh_14_0_1,https://cabsec.gov.in/writereaddata/councilofministers/english/1_Upload_3076.pdf,https://cabsec.gov.in/writereaddata/councilofministers/english/1_Upload_3076.pdf
17,Shri G. Kishan Reddy,Tourism,CM,2019,07-07-2021,Current,8,Telangana,0,M,BJP,17_Telangana_8_0_1,https://cabsec.gov.in/writereaddata/councilofministers/english/1_Upload_3076.pdf,https://cabsec.gov.in/writereaddata/councilofministers/english/1_Upload_3076.pdf
17,Shri Prahalad Singh Patel,Tourism,MoS(IC),2019,30-05-2019,07-07-2021,7,Madhya_Pradesh,0,M,BJP,17_Madhya_Pradesh_7_0_1,https://cabsec.gov.in/writereaddata/councilofministers/english/1_Upload_1859.pdf,https://cabsec.gov.in/writereaddata/councilofministers/english/1_Upload_3076.pdf
17,Shri Shripad Yesso Naik,Tourism,MoS,2019,07-07-2021,Current,1,Goa,0,M,BJP,17_Goa_1_0_1,https://cabsec.gov.in/writereaddata/councilofministers/english/1_Upload_3076.pdf,https://cabsec.gov.in/writereaddata/councilofministers/english/1_Upload_3076.pdf
17,Shri Arjun Munda,Tribal Affairs,CM,2019,30-05-2019,Current,11,Jharkhand,0,M,BJP,17_Jharkhand_11_0_1,https://cabsec.gov.in/writereaddata/councilofministers/english/1_Upload_1859.pdf,https://cabsec.gov.in/writereaddata/councilofministers/english/1_Upload_3076.pdf
17,Shri Bishweswar Tudu,Tribal Affairs,MoS,2019,07-07-2021,Current,5,Odisha,0,M,BJP,17_Odisha_5_0_1,https://cabsec.gov.in/writereaddata/councilofministers/english/1_Upload_3076.pdf,https://cabsec.gov.in/writereaddata/councilofministers/english/1_Upload_3076.pdf
17,Smt. Renuka Singh Saruta,Tribal Affairs,MoS,2019,30-05-2019,Current,1,Chhattisgarh,0,F,BJP,17_Chhattisgarh_1_0_1,https://cabsec.gov.in/writereaddata/councilofministers/english/1_Upload_1859.pdf,https://cabsec.gov.in/writereaddata/councilofministers/english/1_Upload_3076.pdf
17,Dr. Munjapara Mahendrabhai,Women and Child Development,MoS,2019,07-07-2021,Current,9,Gujarat,0,M,BJP,17_Gujarat_9_0_1,https://cabsec.gov.in/writereaddata/councilofministers/english/1_Upload_3076.pdf,https://cabsec.gov.in/writereaddata/councilofministers/english/1_Upload_3076.pdf
17,Smt. Smriti Zubin Irani,Women and Child Development,CM,2019,30-05-2019,Current,37,Uttar_Pradesh,0,F,BJP,17_Uttar_Pradesh_37_0_1,https://cabsec.gov.in/writereaddata/councilofministers/english/1_Upload_1859.pdf,https://cabsec.gov.in/writereaddata/councilofministers/english/1_Upload_3076.pdf
17,Sushri Debasree Chaudhuri,Women and Child Development,MoS,2019,30-05-2019,07-07-2021,5,West_Bengal,0,F,BJP,17_West_Bengal_5_0_1,https://cabsec.gov.in/writereaddata/councilofministers/english/1_Upload_1859.pdf,https://cabsec.gov.in/writereaddata/councilofministers/english/1_Upload_3076.pdf
17,Shri Anurag Singh Thakur,Youth Affairs and Sports,CM,2019,07-07-2021,Current,3,Himachal_Pradesh,0,M,BJP,17_Himachal_Pradesh_3_0_1,https://cabsec.gov.in/writereaddata/councilofministers/english/1_Upload_3076.pdf,https://cabsec.gov.in/writereaddata/councilofministers/english/1_Upload_3076.pdf
17,Shri Kiren Rijiju,Youth Affairs and Sports,MoS(IC),2019,30-05-2019,07-07-2021,1,Arunachal_Pradesh,0,M,BJP,17_Arunachal_Pradesh_1_0_1,https://cabsec.gov.in/writereaddata/councilofministers/english/1_Upload_1859.pdf,https://cabsec.gov.in/writereaddata/councilofministers/english/1_Upload_3076.pdf
17,Shri Nisith Pramanik,Youth Affairs and Sports,MoS,2019,07-07-2021,Current,1,West_Bengal,0,M,BJP,17_West_Bengal_1_0_1,https://cabsec.gov.in/writereaddata/councilofministers/english/1_Upload_3076.pdf,https://cabsec.gov.in/writereaddata/councilofministers/english/1_Upload_3076.pdf
